<?xml version="1.0" encoding="UTF-8"?>
<con:soapui-project id="d40e117b-3ed2-443d-b38d-ee47e6bf8574" created="3.61.0" activeEnvironment="Default environment" encryptionMode="Not encrypted" name="Activity7" projectVersion="" updated="3.61.0 2025-06-17T10:42:49Z" resourceRoot="${projectDir}" xmlns:con="http://eviware.com/soapui/config"><con:settings/><con:interface xsi:type="con:RestService" id="ae92f5a7-4a1e-4dab-a2e8-2904d0706761" wadlVersion="http://wadl.dev.java.net/2009/02" name="https://petstore.swagger.io" type="rest" xmlns:xsi="http://www.w3.org/2001/XMLSchema-instance"><con:settings id="0f44c1cf-5c02-4f30-9c2c-732811ee20b2"/><con:definitionCache type="TEXT" rootPart=""/><con:endpoints><con:endpoint>https://petstore.swagger.io</con:endpoint></con:endpoints><con:resource name="PetId" path="/v2/pet/{petId}" id="f1923567-7a66-45c8-b502-5db0efc8783f"><con:settings/><con:parameters/><con:method name="PetId" id="8e94e842-be5f-49a1-b9a3-e1dd1b2c9a66" method="DELETE"><con:settings/><con:parameters><con:parameter required="true"><con:name>petId</con:name><con:value>petId</con:value><con:style>TEMPLATE</con:style><con:default>petId</con:default><con:path xsi:nil="true"/><con:description xsi:nil="true"/></con:parameter></con:parameters><con:request name="Request 1" id="29f64840-411c-4ec9-bbb7-38946a1c8575" mediaType="application/json"><con:settings/><con:endpoint>https://petstore.swagger.io</con:endpoint><con:credentials><con:selectedAuthProfile>No Authorization</con:selectedAuthProfile><con:authType>No Authorization</con:authType></con:credentials><con:parameters><con:entry key="petId" value="petId"/></con:parameters><con:parameterOrder><con:entry>petId</con:entry></con:parameterOrder></con:request></con:method></con:resource><con:resource name="FindByStatus" path="/v2/pet/findByStatus" id="79041883-3f2d-4884-a852-dee8f30da518"><con:settings/><con:parameters/><con:method name="FindByStatus" id="8aa7a81c-76db-4edd-9f44-c475498514c4" method="GET"><con:settings/><con:parameters><con:parameter required="true"><con:name>status</con:name><con:value>sold</con:value><con:style>QUERY</con:style><con:default>sold</con:default><con:path xsi:nil="true"/><con:description xsi:nil="true"/></con:parameter></con:parameters><con:request name="Request 1" id="f6cad382-7437-40c9-bf93-b0cc0e5aa9e6" mediaType="application/json"><con:settings/><con:endpoint>https://petstore.swagger.io</con:endpoint><con:credentials><con:selectedAuthProfile>No Authorization</con:selectedAuthProfile><con:authType>No Authorization</con:authType></con:credentials><con:parameters><con:entry key="status" value="sold"/></con:parameters><con:parameterOrder><con:entry>status</con:entry></con:parameterOrder></con:request></con:method></con:resource><con:resource name="Pet" path="/v2/pet" id="522f4658-01e2-48b7-b675-461d45c7e8a3"><con:settings/><con:parameters/><con:method name="Pet" id="3d45371d-bed2-40b0-be3d-af3c23b35d36" method="POST"><con:settings/><con:parameters/><con:request name="Request 1" id="fab0f923-40aa-4b54-9e4f-ea6a3c754bbb" mediaType="application/json"><con:settings/><con:endpoint>https://petstore.swagger.io</con:endpoint><con:credentials><con:selectedAuthProfile>No Authorization</con:selectedAuthProfile><con:authType>No Authorization</con:authType></con:credentials><con:parameters/></con:request></con:method></con:resource></con:interface><con:testSuite id="68ef360b-e7f2-4b53-83ab-ef20b8abbd70" name="https://petstore.swagger.io Test Suite"><con:settings id="3b279ff3-8c0e-4f2a-810d-d564c059d51c"/><con:runType>SEQUENTIAL</con:runType><con:testCase id="31b09847-82f6-4cae-8e36-d08da422d944" discardOkResults="false" failOnError="false" failTestCaseOnErrors="true" keepSession="false" name="Test Case" searchProperties="true" timeout="0"><con:settings/><con:testStep type="restrequest" name="DELETE" id="1a0980b9-c835-4f67-898a-1d29043eb504"><con:settings/><con:config service="https://petstore.swagger.io" resourcePath="/v2/pet/{petId}" methodName="PetId" xsi:type="con:RestRequestStep" xmlns:xsi="http://www.w3.org/2001/XMLSchema-instance"><con:restRequest name="DELETE" id="29f64840-411c-4ec9-bbb7-38946a1c8575" mediaType="application/json" postQueryString="false"><con:settings><con:setting id="com.eviware.soapui.impl.wsdl.WsdlRequest@request-headers">&lt;xml-fragment/></con:setting></con:settings><con:endpoint>https://petstore.swagger.io</con:endpoint><con:request/><con:assertion type="Valid HTTP Status Codes" id="e47b80af-0605-4b4e-ba51-93e123b5f332" name="Valid HTTP Status Codes"><con:settings/><con:configuration><codes>200</codes></con:configuration></con:assertion><con:assertion type="Response SLA Assertion" id="1fcecba3-1794-4eff-a617-743c76c3555e" name="Response SLA"><con:configuration><SLA>200</SLA></con:configuration></con:assertion><con:credentials><con:selectedAuthProfile>No Authorization</con:selectedAuthProfile><con:authType>No Authorization</con:authType></con:credentials><con:jmsConfig JMSDeliveryMode="PERSISTENT"/><con:parameters><con:entry key="petId" value="petId"/></con:parameters><con:parameterOrder><con:entry>petId</con:entry></con:parameterOrder></con:restRequest></con:config></con:testStep><con:testStep type="restrequest" name="GET" id="fa8734ad-f27a-47b2-a755-b6259bc9b6c3"><con:settings/><con:config service="https://petstore.swagger.io" resourcePath="/v2/pet/findByStatus" methodName="FindByStatus" xsi:type="con:RestRequestStep" xmlns:xsi="http://www.w3.org/2001/XMLSchema-instance"><con:restRequest name="GET" id="f6cad382-7437-40c9-bf93-b0cc0e5aa9e6" mediaType="application/json"><con:settings><con:setting id="com.eviware.soapui.impl.wsdl.WsdlRequest@request-headers">&lt;xml-fragment/></con:setting></con:settings><con:endpoint>https://petstore.swagger.io</con:endpoint><con:request/><con:assertion type="Valid HTTP Status Codes" id="221f24f9-9e82-41f3-b1f2-a0933784b30c" name="Valid HTTP Status Codes"><con:settings/><con:configuration><codes>200</codes></con:configuration></con:assertion><con:assertion type="Response SLA Assertion" id="4531db39-f995-4506-ad87-52b223308479" name="Response SLA"><con:configuration><SLA>200</SLA></con:configuration></con:assertion><con:credentials><con:selectedAuthProfile>No Authorization</con:selectedAuthProfile><con:authType>No Authorization</con:authType></con:credentials><con:jmsConfig JMSDeliveryMode="PERSISTENT"/><con:parameters><con:entry key="status" value="sold"/></con:parameters><con:parameterOrder><con:entry>status</con:entry></con:parameterOrder></con:restRequest></con:config></con:testStep><con:testStep type="restrequest" name="POST" id="beb82553-495c-4b37-a6d3-252ecd9f6189"><con:settings/><con:config service="https://petstore.swagger.io" resourcePath="/v2/pet" methodName="Pet" xsi:type="con:RestRequestStep" xmlns:xsi="http://www.w3.org/2001/XMLSchema-instance"><con:restRequest name="POST" id="fab0f923-40aa-4b54-9e4f-ea6a3c754bbb" mediaType="application/json" postQueryString="false"><con:settings><con:setting id="com.eviware.soapui.impl.wsdl.WsdlRequest@request-headers">&lt;xml-fragment/></con:setting></con:settings><con:endpoint>https://petstore.swagger.io</con:endpoint><con:request>{
    "id": 77232,
    "name": "Riley",
    "status": "alive"
}</con:request><con:assertion type="Valid HTTP Status Codes" id="946f4df4-a8a6-4b2c-b1dd-9e175eae3fba" name="Valid HTTP Status Codes"><con:settings/><con:configuration><codes>200</codes></con:configuration></con:assertion><con:assertion type="Response SLA Assertion" id="0a2b01c8-b5e9-4649-b96c-38eda74bfe8d" name="Response SLA"><con:configuration><SLA>200</SLA></con:configuration></con:assertion><con:credentials><con:selectedAuthProfile>No Authorization</con:selectedAuthProfile><con:authType>No Authorization</con:authType></con:credentials><con:jmsConfig JMSDeliveryMode="PERSISTENT"/><con:parameters/></con:restRequest></con:config></con:testStep><con:properties/><con:reportParameters/></con:testCase><con:properties/><con:reportParameters/></con:testSuite><con:testSuite id="26652dc2-1e01-4295-9014-9c82a1d77c69" name="https://petstore.swagger.io Test Suite 2"><con:settings id="3b279ff3-8c0e-4f2a-810d-d564c059d51c"/><con:runType>SEQUENTIAL</con:runType><con:testCase id="01181b01-0ce6-4a43-b253-0ffa934b414f" discardOkResults="false" failOnError="false" failTestCaseOnErrors="true" keepSession="false" name="Test Case" searchProperties="true" timeout="0"><con:settings/><con:testStep type="restrequest" name="DELETE" id="0f1d3af1-9225-415a-b664-57a826d0869b"><con:settings/><con:config service="https://petstore.swagger.io" resourcePath="/v2/pet/{petId}" methodName="PetId" xsi:type="con:RestRequestStep" xmlns:xsi="http://www.w3.org/2001/XMLSchema-instance"><con:restRequest name="DELETE" id="29f64840-411c-4ec9-bbb7-38946a1c8575" mediaType="application/json" postQueryString="false"><con:settings><con:setting id="com.eviware.soapui.impl.wsdl.WsdlRequest@request-headers">&lt;xml-fragment/></con:setting></con:settings><con:endpoint>https://petstore.swagger.io</con:endpoint><con:request/><con:assertion type="Valid HTTP Status Codes" id="e47b80af-0605-4b4e-ba51-93e123b5f332" name="Valid HTTP Status Codes"><con:settings/><con:configuration><codes>200</codes></con:configuration></con:assertion><con:assertion type="Response SLA Assertion" id="1fcecba3-1794-4eff-a617-743c76c3555e" name="Response SLA"><con:configuration><SLA>200</SLA></con:configuration></con:assertion><con:credentials><con:selectedAuthProfile>No Authorization</con:selectedAuthProfile><con:authType>No Authorization</con:authType></con:credentials><con:jmsConfig JMSDeliveryMode="PERSISTENT"/><con:parameters><con:entry key="petId" value="petId"/></con:parameters><con:parameterOrder><con:entry>petId</con:entry></con:parameterOrder></con:restRequest></con:config></con:testStep><con:testStep type="restrequest" name="GET" id="e2589502-be7f-4568-8fad-1456373684fc"><con:settings/><con:config service="https://petstore.swagger.io" resourcePath="/v2/pet/findByStatus" methodName="FindByStatus" xsi:type="con:RestRequestStep" xmlns:xsi="http://www.w3.org/2001/XMLSchema-instance"><con:restRequest name="GET" id="f6cad382-7437-40c9-bf93-b0cc0e5aa9e6" mediaType="application/json"><con:settings><con:setting id="com.eviware.soapui.impl.wsdl.WsdlRequest@request-headers">&lt;xml-fragment/></con:setting></con:settings><con:endpoint>https://petstore.swagger.io</con:endpoint><con:request/><con:assertion type="Valid HTTP Status Codes" id="221f24f9-9e82-41f3-b1f2-a0933784b30c" name="Valid HTTP Status Codes"><con:settings/><con:configuration><codes>200</codes></con:configuration></con:assertion><con:assertion type="Response SLA Assertion" id="4531db39-f995-4506-ad87-52b223308479" name="Response SLA"><con:configuration><SLA>200</SLA></con:configuration></con:assertion><con:credentials><con:selectedAuthProfile>No Authorization</con:selectedAuthProfile><con:authType>No Authorization</con:authType></con:credentials><con:jmsConfig JMSDeliveryMode="PERSISTENT"/><con:parameters><con:entry key="status" value="sold"/></con:parameters><con:parameterOrder><con:entry>status</con:entry></con:parameterOrder></con:restRequest></con:config></con:testStep><con:testStep type="restrequest" name="POST" id="8086196a-9962-408f-961b-c4bc0062a3fc"><con:settings/><con:config service="https://petstore.swagger.io" resourcePath="/v2/pet" methodName="Pet" xsi:type="con:RestRequestStep" xmlns:xsi="http://www.w3.org/2001/XMLSchema-instance"><con:restRequest name="POST" id="fab0f923-40aa-4b54-9e4f-ea6a3c754bbb" mediaType="application/json" postQueryString="false"><con:settings><con:setting id="com.eviware.soapui.impl.wsdl.WsdlRequest@request-headers">&lt;xml-fragment/></con:setting></con:settings><con:endpoint>https://petstore.swagger.io</con:endpoint><con:request>{
    "id": 77232,
    "name": "Riley",
    "status": "alive"
}</con:request><con:assertion type="Valid HTTP Status Codes" id="946f4df4-a8a6-4b2c-b1dd-9e175eae3fba" name="Valid HTTP Status Codes"><con:settings/><con:configuration><codes>200</codes></con:configuration></con:assertion><con:assertion type="Response SLA Assertion" id="0a2b01c8-b5e9-4649-b96c-38eda74bfe8d" name="Response SLA"><con:configuration><SLA>200</SLA></con:configuration></con:assertion><con:credentials><con:selectedAuthProfile>No Authorization</con:selectedAuthProfile><con:authType>No Authorization</con:authType></con:credentials><con:jmsConfig JMSDeliveryMode="PERSISTENT"/><con:parameters/></con:restRequest></con:config></con:testStep><con:properties/><con:reportParameters/></con:testCase><con:properties/><con:reportParameters/></con:testSuite><con:properties/><con:wssContainer/><con:databaseConnectionContainer/><con:jmsConnectionContainer/><con:oAuth2ProfileContainer/><con:oAuth1ProfileContainer/><con:reporting><con:xmlTemplates/><con:parameters/></con:reporting><con:eventHandlers type="RequestFilter.filterRequest" name="RequestFilter.filterRequest"><con:script>// Sample event script to add custom HTTP header to all outgoing REST, SOAP and HTTP(S) calls
// This code is often used for adding custom authentication to ReadyAPI functional tests

// If hardcoding the token, uncomment and change line 5
// token = '4567'

// If your token is parameterized in Project level custom property, uncomment line 8
// token = request.parent.testCase.testSuite.project.getProperty('auth_token').getValue()

// To modify all outgoing calls, remove comments from lines 11 to 16
// headers = request.requestHeaders
// if (headers.containsKey('auth_token2') == false) {
//   headers.put('auth_token2', token)
//   request.requestHeaders = headers
// }</con:script></con:eventHandlers><con:eventHandlers type="TestRunListener.afterStep" name="TestRunListener.afterStep"><con:script>// Save all test step results into files
// Change the directory path in line 5 to a location where you want to store details
// then uncomment lines 5 to 10

// filePath = 'C:\\tempOutputDirectory\\'
// fos = new java.io.FileOutputStream(filePath + testStepResult.testStep.label + '.txt', true)
// pw = new java.io.PrintWriter(fos)
// testStepResult.writeTo(pw)
// pw.close()
// fos.close()</con:script></con:eventHandlers><con:authRepository/><con:tags/></con:soapui-project>