<?xml version="1.0" encoding="UTF-8"?>
<con:soapui-project id="3297046d-1a5f-4464-9eb7-7f23302d122f" created="3.61.0" activeEnvironment="Default environment" encryptionMode="Not encrypted" name="Activity2" projectVersion="" resourceRoot="${projectDir}" updated="3.61.0 2025-06-17T10:42:49Z" xmlns:con="http://eviware.com/soapui/config"><con:settings/><con:interface xsi:type="con:RestService" id="0232ae0a-e092-4f0c-96a4-493ed339b8cd" wadlVersion="http://wadl.dev.java.net/2009/02" name="https://petstore.swagger.io" type="rest" xmlns:xsi="http://www.w3.org/2001/XMLSchema-instance"><con:settings id="2adbc068-78e4-44ca-bb9a-9df40ae7d539"/><con:definitionCache type="TEXT" rootPart=""/><con:endpoints><con:endpoint>https://petstore.swagger.io</con:endpoint></con:endpoints><con:resource name="" path="/v2/pet/findByStatus?status" id="48a22b2e-bbac-4c5c-8730-6b1282a51eed"><con:settings/><con:parameters/><con:method name="" id="5f1e5238-8b5a-456b-9a55-34b9a71d142b" method="GET"><con:settings/><con:parameters><con:parameter required="true"><con:name>?status=</con:name><con:value/><con:style>QUERY</con:style><con:default/></con:parameter></con:parameters><con:representation type="RESPONSE"><con:mediaType>text/html</con:mediaType><con:status>200</con:status><con:params/><con:element>html</con:element></con:representation><con:representation type="RESPONSE"><con:mediaType>application/json</con:mediaType><con:status>200</con:status><con:params/><con:element>Response</con:element></con:representation><con:request name="Request 1" id="46e455c2-709d-4d3e-a706-419445f8c225" mediaType="application/json"><con:settings><con:setting id="com.eviware.soapui.impl.wsdl.WsdlRequest@request-headers">&lt;xml-fragment/></con:setting></con:settings><con:endpoint>https://petstore.swagger.io</con:endpoint><con:request/><con:originalUri>https://petstore.swagger.io/v2/pet/findByStatus</con:originalUri><con:credentials><con:selectedAuthProfile>No Authorization</con:selectedAuthProfile><con:authType>No Authorization</con:authType></con:credentials><con:jmsConfig JMSDeliveryMode="PERSISTENT"/><con:parameters><con:entry key="?status=" value="sold"/></con:parameters><con:parameterOrder><con:entry>?status=</con:entry></con:parameterOrder></con:request></con:method></con:resource></con:interface><con:testSuite id="20bc5301-6627-4e58-bced-4c9b0f53b8df" name="https://petstore.swagger.io Test Suite"><con:settings id="67026beb-1c12-4486-a10e-182d81457eb4"/><con:runType>SEQUENTIAL</con:runType><con:testCase id="6be706e5-dfe4-4fff-a156-6d738a64aa9e" discardOkResults="false" failOnError="false" failTestCaseOnErrors="true" keepSession="false" name="https://petstore.swagger.io Test Case 1" searchProperties="true" timeout="0"><con:settings/><con:testStep type="restrequest" name="Request 1" id="565a97d3-05e2-4892-b80d-4dab21203c83"><con:settings/><con:config service="https://petstore.swagger.io" resourcePath="/v2/pet/findByStatus?status" methodName="" xsi:type="con:RestRequestStep" xmlns:xsi="http://www.w3.org/2001/XMLSchema-instance"><con:restRequest name="Request 1" id="46e455c2-709d-4d3e-a706-419445f8c225" mediaType="application/json"><con:settings><con:setting id="com.eviware.soapui.impl.wsdl.WsdlRequest@request-headers">&lt;xml-fragment/></con:setting></con:settings><con:endpoint>https://petstore.swagger.io</con:endpoint><con:request/><con:originalUri>https://petstore.swagger.io/</con:originalUri><con:assertion type="Valid HTTP Status Codes" id="9b030a26-f85b-418a-9da3-76bb7d0702d5" name="Valid HTTP Status Codes"><con:settings/><con:configuration><codes>200</codes></con:configuration></con:assertion><con:assertion type="JsonPath Match" id="05e8b4ca-5b56-4eee-b070-41f6b34639c2" name="JSONPath Match"><con:configuration><path>$[0].['id']</path><content>$[0].['category'].['id']</content><allowWildcards>false</allowWildcards><ignoreNamspaceDifferences>false</ignoreNamspaceDifferences><ignoreComments>false</ignoreComments></con:configuration></con:assertion><con:credentials><con:selectedAuthProfile>No Authorization</con:selectedAuthProfile><con:authType>No Authorization</con:authType></con:credentials><con:jmsConfig JMSDeliveryMode="PERSISTENT"/><con:parameters><con:entry key="?status=" value=""/></con:parameters><con:parameterOrder><con:entry>?status=</con:entry></con:parameterOrder></con:restRequest></con:config></con:testStep><con:properties/><con:reportParameters/></con:testCase><con:properties/><con:reportParameters/></con:testSuite><con:properties/><con:wssContainer/><con:databaseConnectionContainer/><con:jmsConnectionContainer/><con:oAuth2ProfileContainer/><con:oAuth1ProfileContainer/><con:reporting><con:xmlTemplates/><con:parameters/></con:reporting><con:eventHandlers type="RequestFilter.filterRequest" name="RequestFilter.filterRequest"><con:script>// Sample event script to add custom HTTP header to all outgoing REST, SOAP and HTTP(S) calls
// This code is often used for adding custom authentication to ReadyAPI functional tests

// If hardcoding the token, uncomment and change line 5
// token = '4567'

// If your token is parameterized in Project level custom property, uncomment line 8
// token = request.parent.testCase.testSuite.project.getProperty('auth_token').getValue()

// To modify all outgoing calls, remove comments from lines 11 to 16
// headers = request.requestHeaders
// if (headers.containsKey('auth_token2') == false) {
//   headers.put('auth_token2', token)
//   request.requestHeaders = headers
// }</con:script></con:eventHandlers><con:eventHandlers type="TestRunListener.afterStep" name="TestRunListener.afterStep"><con:script>// Save all test step results into files
// Change the directory path in line 5 to a location where you want to store details
// then uncomment lines 5 to 10

// filePath = 'C:\\tempOutputDirectory\\'
// fos = new java.io.FileOutputStream(filePath + testStepResult.testStep.label + '.txt', true)
// pw = new java.io.PrintWriter(fos)
// testStepResult.writeTo(pw)
// pw.close()
// fos.close()</con:script></con:eventHandlers><con:authRepository/><con:tags/></con:soapui-project>