<?xml version="1.0" encoding="UTF-8"?>
<con:soapui-project id="22183345-36e3-4ee5-b70d-cf2aa405c051" created="3.61.0" activeEnvironment="Default environment" encryptionMode="Not encrypted" name="Activity6" projectVersion="" updated="3.61.0 2025-06-17T10:42:49Z" resourceRoot="${projectDir}" xmlns:con="http://eviware.com/soapui/config"><con:settings/><con:interface xsi:type="con:RestService" id="db4095c6-268e-43cd-ae74-f6d36d1f78e8" wadlVersion="http://wadl.dev.java.net/2009/02" name="http://ipwhois.app" type="rest" xmlns:xsi="http://www.w3.org/2001/XMLSchema-instance"><con:settings id="25bc819c-2454-4802-9906-35b0d2cb0d41"/><con:definitionCache type="TEXT" rootPart=""/><con:endpoints><con:endpoint>http://ipwhois.app</con:endpoint></con:endpoints><con:resource name="IP" path="/json/{IP}" id="6798a818-64f5-4e73-b52b-e54de7858a42"><con:settings/><con:parameters/><con:method name="IP" id="43c72d98-fd9e-4d5e-aa60-a47121a0f4a0" method="GET"><con:settings/><con:parameters><con:parameter required="true"><con:name>IP</con:name><con:value>IP</con:value><con:style>TEMPLATE</con:style><con:default>IP</con:default><con:path xsi:nil="true"/><con:description xsi:nil="true"/></con:parameter></con:parameters><con:request name="Request 1" id="66835e7b-6faf-4668-93fb-76d1dd59688a" mediaType="application/json"><con:settings/><con:endpoint>http://ipwhois.app</con:endpoint><con:credentials><con:selectedAuthProfile>No Authorization</con:selectedAuthProfile><con:authType>No Authorization</con:authType></con:credentials><con:parameters><con:entry key="IP" value="IP"/></con:parameters><con:parameterOrder><con:entry>IP</con:entry></con:parameterOrder></con:request></con:method></con:resource></con:interface><con:testSuite id="07a31001-c99a-448e-914e-f18b938c526d" name="http://ipwhois.app Test Suite"><con:settings id="7df378c8-e4f0-473b-9115-b83fc0caa42f"/><con:runType>SEQUENTIAL</con:runType><con:testCase id="1443b81b-a18a-4094-84d2-b0ff1f821eff" discardOkResults="false" failOnError="false" failTestCaseOnErrors="true" keepSession="false" name="http://ipwhois.app Test Case 1" searchProperties="true" timeout="0"><con:settings/><con:testStep type="datasink" name="Data Sink" id="e3e3d775-0d29-45fe-9c29-5bc524f0c058"><con:settings/><con:config xsi:type="con:DataSinkStep" xmlns:xsi="http://www.w3.org/2001/XMLSchema-instance"><con:dataSink type="JDBC"><con:configuration><driver>com.mysql.jdbc.Driver</driver><connstr>jdbc:mysql://127.0.0.1:3306/test?user=root&amp;password=PASS_VALUE</connstr><pass>password</pass><Connection>&lt;None></Connection><query/><stored-procedure>false</stored-procedure></con:configuration></con:dataSink><con:properties/></con:config></con:testStep><con:testStep type="datasource" name="Data Source" id="f21f3ea9-3430-4813-9bfe-d8736b338ec0"><con:settings/><con:config xsi:type="con:DataSourceStep" xmlns:xsi="http://www.w3.org/2001/XMLSchema-instance"><con:dataSource type="Data Generator"><con:configuration><generatedDataCount>10</generatedDataCount><generatorsTotalNumber>1</generatorsTotalNumber><lastSelectedProperty>0</lastSelectedProperty><GeneratorType0>COMP</GeneratorType0><PropertyName0>address</PropertyName0><repetitionCountaddress>0</repetitionCountaddress><repeatValuesaddress>false</repeatValuesaddress><ComputerAddressTypeaddress>IPv4</ComputerAddressTypeaddress><escapeSpaceSequence/></con:configuration></con:dataSource><con:shared>false</con:shared><con:restartShared>false</con:restartShared><con:property>address</con:property><con:restartOnRun>true</con:restartOnRun><con:stopDatasourceExhausted>false</con:stopDatasourceExhausted></con:config></con:testStep><con:testStep type="restrequest" name="Request 1" id="86360fee-b7cd-450b-bf91-efdaddf70e12"><con:settings/><con:config service="http://ipwhois.app" resourcePath="/json/{IP}" methodName="IP" xsi:type="con:RestRequestStep" xmlns:xsi="http://www.w3.org/2001/XMLSchema-instance"><con:restRequest name="Request 1" id="66835e7b-6faf-4668-93fb-76d1dd59688a" mediaType="application/json"><con:settings/><con:endpoint>http://ipwhois.app</con:endpoint><con:request/><con:assertion type="Valid HTTP Status Codes" id="c84d3c30-d789-4690-bb33-fe8753e28e21" name="Valid HTTP Status Codes"><con:settings/><con:configuration><codes>200</codes></con:configuration></con:assertion><con:assertion type="JsonPath Match" id="61c40eac-7bfb-4a24-885d-572733e39cf5" name="JSONPath Match"><con:configuration><path>$['country']</path><content/><allowWildcards>false</allowWildcards><ignoreNamspaceDifferences>false</ignoreNamspaceDifferences><ignoreComments>false</ignoreComments></con:configuration></con:assertion><con:credentials><con:selectedAuthProfile>No Authorization</con:selectedAuthProfile><con:authType>No Authorization</con:authType></con:credentials><con:jmsConfig JMSDeliveryMode="PERSISTENT"/><con:parameters><con:entry key="IP" value="${Data Source#address}"/></con:parameters><con:parameterOrder><con:entry>IP</con:entry></con:parameterOrder></con:restRequest></con:config></con:testStep><con:testStep type="datasourceloop" name="Data Source Loop" id="9e0f2f8f-bd9e-42e6-ba92-065dee55c342"><con:settings/><con:config><dataSourceStep>Data Source</dataSourceStep><targetStep>Request 1</targetStep><discardResults>true</discardResults></con:config></con:testStep><con:properties/><con:reportParameters/></con:testCase><con:properties/><con:reportParameters/></con:testSuite><con:properties/><con:wssContainer/><con:databaseConnectionContainer/><con:jmsConnectionContainer/><con:oAuth2ProfileContainer/><con:oAuth1ProfileContainer/><con:reporting><con:xmlTemplates/><con:parameters/></con:reporting><con:eventHandlers type="RequestFilter.filterRequest" name="RequestFilter.filterRequest"><con:script>// Sample event script to add custom HTTP header to all outgoing REST, SOAP and HTTP(S) calls
// This code is often used for adding custom authentication to ReadyAPI functional tests

// If hardcoding the token, uncomment and change line 5
// token = '4567'

// If your token is parameterized in Project level custom property, uncomment line 8
// token = request.parent.testCase.testSuite.project.getProperty('auth_token').getValue()

// To modify all outgoing calls, remove comments from lines 11 to 16
// headers = request.requestHeaders
// if (headers.containsKey('auth_token2') == false) {
//   headers.put('auth_token2', token)
//   request.requestHeaders = headers
// }</con:script></con:eventHandlers><con:eventHandlers type="TestRunListener.afterStep" name="TestRunListener.afterStep"><con:script>// Save all test step results into files
// Change the directory path in line 5 to a location where you want to store details
// then uncomment lines 5 to 10

// filePath = 'C:\\tempOutputDirectory\\'
// fos = new java.io.FileOutputStream(filePath + testStepResult.testStep.label + '.txt', true)
// pw = new java.io.PrintWriter(fos)
// testStepResult.writeTo(pw)
// pw.close()
// fos.close()</con:script></con:eventHandlers><con:authRepository/><con:tags/></con:soapui-project>