<?xml version="1.0" encoding="UTF-8"?>
<con:soapui-project id="c5d78ff0-1c36-4eed-8572-b573c434c733" created="3.61.0" activeEnvironment="Default environment" encryptionMode="Not encrypted" name="Activity5" resourceRoot="${projectDir}" projectVersion="" updated="3.61.0 2025-06-17T10:42:49Z" xmlns:con="http://eviware.com/soapui/config"><con:settings/><con:interface xsi:type="con:RestService" id="31cafc09-ba42-4198-972b-b3f20518917a" wadlVersion="http://wadl.dev.java.net/2009/02" name="http://ipwhois.app" type="rest" xmlns:xsi="http://www.w3.org/2001/XMLSchema-instance"><con:settings id="5e2472ae-3dc3-4629-ab3d-d808670d58df"/><con:definitionCache type="TEXT" rootPart=""/><con:endpoints><con:endpoint>http://ipwhois.app</con:endpoint></con:endpoints><con:resource name="IP" path="/json/{IP}" id="40d441b4-68d9-40ed-bc25-e2526dab1bfa"><con:settings/><con:parameters/><con:method name="IP" id="f8aaf005-50b6-436b-8ac4-9e8985e74769" method="GET"><con:settings/><con:parameters><con:parameter required="true"><con:name>IP</con:name><con:value>IP</con:value><con:style>TEMPLATE</con:style><con:default>IP</con:default><con:path xsi:nil="true"/><con:description xsi:nil="true"/></con:parameter></con:parameters><con:representation type="RESPONSE"><con:mediaType>application/json; charset=utf-8</con:mediaType><con:status>200</con:status><con:params/><con:element xmlns:ns="http://ipwhois.app/json/94.127.62.254">ns:Response</con:element></con:representation><con:request name="Request 1" id="ccb9c8d3-06a1-4ab2-9f5e-d91c538c6d96" mediaType="application/json"><con:settings/><con:endpoint>http://ipwhois.app</con:endpoint><con:credentials><con:selectedAuthProfile>No Authorization</con:selectedAuthProfile><con:authType>No Authorization</con:authType></con:credentials><con:parameters><con:entry key="IP" value="IP"/></con:parameters><con:parameterOrder><con:entry>IP</con:entry></con:parameterOrder></con:request></con:method></con:resource></con:interface><con:testSuite id="ae68e69a-9460-4964-ad1f-a796fc545706" name="http://ipwhois.app Test Suite"><con:settings id="1b3e7f82-8457-4d7d-8eeb-dbedec537bcb"/><con:runType>SEQUENTIAL</con:runType><con:testCase id="b3b7d86c-8338-437f-a746-a8aaa6db5781" discardOkResults="false" failOnError="false" failTestCaseOnErrors="true" keepSession="false" name="http://ipwhois.app Test Case 1" searchProperties="true" timeout="0"><con:settings/><con:testStep type="datasource" name="DataSource" id="140e174b-2094-4aeb-bc02-f6863d13a4d8"><con:settings/><con:config xsi:type="con:DataSourceStep" xmlns:xsi="http://www.w3.org/2001/XMLSchema-instance"><con:dataSource type="Excel"><con:configuration><file>Test.xls</file><worksheet/><cell>A2</cell><ignoreEmpty>false</ignoreEmpty><evaluateFormulas>false</evaluateFormulas></con:configuration></con:dataSource><con:shared>false</con:shared><con:restartShared>false</con:restartShared><con:property>IP Address</con:property><con:restartOnRun>true</con:restartOnRun><con:stopDatasourceExhausted>false</con:stopDatasourceExhausted></con:config></con:testStep><con:testStep type="restrequest" name="Request 1" id="83aef02d-f6f2-4a82-93ab-9bd51353dc27"><con:settings/><con:config service="http://ipwhois.app" resourcePath="/json/{IP}" methodName="IP" xsi:type="con:RestRequestStep" xmlns:xsi="http://www.w3.org/2001/XMLSchema-instance"><con:restRequest name="Request 1" id="ccb9c8d3-06a1-4ab2-9f5e-d91c538c6d96" mediaType="application/json"><con:settings><con:setting id="com.eviware.soapui.impl.wsdl.WsdlRequest@request-headers">&lt;xml-fragment/></con:setting></con:settings><con:endpoint>http://ipwhois.app</con:endpoint><con:request/><con:originalUri>http://ipwhois.app/json/94.127.62.254</con:originalUri><con:assertion type="JsonPath Match" id="264eabcf-d296-4e90-a8eb-3c0fcdb6c598" name="JSONPath Match"><con:configuration><path/><content>${DataSource#IP Address}</content><allowWildcards>false</allowWildcards><ignoreNamspaceDifferences>false</ignoreNamspaceDifferences><ignoreComments>false</ignoreComments></con:configuration></con:assertion><con:credentials><con:selectedAuthProfile>No Authorization</con:selectedAuthProfile><con:authType>No Authorization</con:authType></con:credentials><con:jmsConfig JMSDeliveryMode="PERSISTENT"/><con:parameters><con:entry key="IP" value="${DataSource#IP Address}"/></con:parameters><con:parameterOrder><con:entry>IP</con:entry></con:parameterOrder></con:restRequest></con:config></con:testStep><con:testStep type="datasourceloop" name="Data Source Loop" id="8a13a116-eed9-48e2-bffc-74195358673c"><con:settings/><con:config><dataSourceStep>DataSource</dataSourceStep><targetStep>Request 1</targetStep><discardResults>true</discardResults></con:config></con:testStep><con:properties/><con:reportParameters/></con:testCase><con:properties/><con:reportParameters/></con:testSuite><con:properties/><con:wssContainer/><con:databaseConnectionContainer/><con:jmsConnectionContainer/><con:oAuth2ProfileContainer/><con:oAuth1ProfileContainer/><con:reporting><con:xmlTemplates/><con:parameters/></con:reporting><con:eventHandlers type="RequestFilter.filterRequest" name="RequestFilter.filterRequest"><con:script>// Sample event script to add custom HTTP header to all outgoing REST, SOAP and HTTP(S) calls
// This code is often used for adding custom authentication to ReadyAPI functional tests

// If hardcoding the token, uncomment and change line 5
// token = '4567'

// If your token is parameterized in Project level custom property, uncomment line 8
// token = request.parent.testCase.testSuite.project.getProperty('auth_token').getValue()

// To modify all outgoing calls, remove comments from lines 11 to 16
// headers = request.requestHeaders
// if (headers.containsKey('auth_token2') == false) {
//   headers.put('auth_token2', token)
//   request.requestHeaders = headers
// }</con:script></con:eventHandlers><con:eventHandlers type="TestRunListener.afterStep" name="TestRunListener.afterStep"><con:script>// Save all test step results into files
// Change the directory path in line 5 to a location where you want to store details
// then uncomment lines 5 to 10

// filePath = 'C:\\tempOutputDirectory\\'
// fos = new java.io.FileOutputStream(filePath + testStepResult.testStep.label + '.txt', true)
// pw = new java.io.PrintWriter(fos)
// testStepResult.writeTo(pw)
// pw.close()
// fos.close()</con:script></con:eventHandlers><con:authRepository/><con:tags/></con:soapui-project>