<?xml version="1.0" encoding="UTF-8"?>
<con:soapui-project id="d9c498c3-44e8-49d2-9493-16895f1da067" created="3.61.0" activeEnvironment="Default environment" encryptionMode="Not encrypted" name="FST API Project" projectVersion="" updated="3.61.0 2025-06-17T10:42:49Z" resourceRoot="${projectDir}" xmlns:con="http://eviware.com/soapui/config"><con:settings/><con:interface xsi:type="con:RestService" id="dcd9d9f6-3a95-4ebf-b263-2c2d7c6e494c" wadlVersion="http://wadl.dev.java.net/2009/02" name="https://api.github.com" type="rest" xmlns:xsi="http://www.w3.org/2001/XMLSchema-instance"><con:settings id="14bd2dc5-0099-49e1-97a5-03643de8be76"/><con:definitionCache/><con:endpoints><con:endpoint>https://api.github.com</con:endpoint></con:endpoints><con:resource name="Keys" path="/user/keys" id="7a5c8a6d-b1ea-4cfb-b455-01a9723d9dd0"><con:settings/><con:parameters/><con:method name="Keys" id="22b8d930-efa8-42c0-b773-017abcca1f86" method="POST"><con:settings/><con:parameters/><con:representation type="FAULT"><con:mediaType>application/json; charset=utf-8</con:mediaType><con:status>401</con:status><con:params/><con:element xmlns:keys="https://api.github.com/user/keys">keys:Fault</con:element></con:representation><con:representation type="REQUEST"><con:mediaType>application/json</con:mediaType><con:params/></con:representation><con:request name="Request 1" id="2d3af0a6-0275-46db-8954-4d09b19c0293" mediaType="application/json"><con:settings/><con:endpoint>https://api.github.com</con:endpoint><con:credentials><con:selectedAuthProfile>No Authorization</con:selectedAuthProfile><con:authType>No Authorization</con:authType></con:credentials><con:parameters/></con:request></con:method></con:resource><con:resource name="KeyId" path="/user/keys/{keyId}" id="d1ad2c4f-d656-4991-9210-b7c581cc600e"><con:settings/><con:parameters/><con:method name="KeyId" id="ad42d593-6379-49dc-8cc9-6bd2ec6866f6" method="GET"><con:settings/><con:parameters><con:parameter required="true"><con:name>keyId</con:name><con:value>keyId</con:value><con:style>TEMPLATE</con:style><con:default>keyId</con:default><con:path xsi:nil="true"/><con:description xsi:nil="true"/></con:parameter></con:parameters><con:representation type="FAULT"><con:mediaType>application/json; charset=utf-8</con:mediaType><con:status>401</con:status><con:params/><con:element xmlns:key="https://api.github.com/user/keys/keyId">key:Fault</con:element></con:representation><con:request name="Request 1" id="ab40f0b2-480f-4a4e-b715-cf1ed421ad2c" mediaType="application/json"><con:settings/><con:endpoint>https://api.github.com</con:endpoint><con:credentials><con:selectedAuthProfile>No Authorization</con:selectedAuthProfile><con:authType>No Authorization</con:authType></con:credentials><con:parameters><con:entry key="keyId" value="keyId"/></con:parameters><con:parameterOrder><con:entry>keyId</con:entry></con:parameterOrder></con:request></con:method><con:method name="KeyId 2" id="c728886b-87ef-449d-97ca-c85c3782d7de" method="DELETE"><con:settings/><con:parameters><con:parameter required="true"><con:name>keyId</con:name><con:value>keyId</con:value><con:style>TEMPLATE</con:style><con:default>keyId</con:default><con:path xsi:nil="true"/><con:description xsi:nil="true"/></con:parameter></con:parameters><con:request name="Request 1" id="f035f498-ab2d-49b1-b1ee-263d186a748c" mediaType="application/json"><con:settings/><con:endpoint>https://api.github.com</con:endpoint><con:credentials><con:selectedAuthProfile>No Authorization</con:selectedAuthProfile><con:authType>No Authorization</con:authType></con:credentials><con:parameters><con:entry key="keyId" value="keyId"/></con:parameters><con:parameterOrder><con:entry>keyId</con:entry></con:parameterOrder></con:request></con:method></con:resource></con:interface><con:testSuite id="b84566ae-8fbd-4fe2-8bb3-2cbafa00a5cd" name="https://api.github.com Test Suite"><con:settings id="f10b1f9c-7efc-4492-90f5-73d9bed7dac9"/><con:runType>SEQUENTIAL</con:runType><con:testCase id="fdafda19-52a9-4a0a-a2e4-85aa19a30c26" discardOkResults="false" failOnError="false" failTestCaseOnErrors="true" keepSession="false" name="Test Case" searchProperties="true" timeout="0"><con:settings/><con:testStep type="restrequest" name="Request 1" id="56bd2379-7b52-432a-8a6c-1dc6d93bf3a3"><con:settings/><con:config service="https://api.github.com" resourcePath="/user/keys" methodName="Keys" xsi:type="con:RestRequestStep" xmlns:xsi="http://www.w3.org/2001/XMLSchema-instance"><con:restRequest name="Request 1" id="2d3af0a6-0275-46db-8954-4d09b19c0293" mediaType="application/json" postQueryString="false"><con:settings><con:setting id="com.eviware.soapui.impl.wsdl.WsdlRequest@request-headers">&lt;xml-fragment/></con:setting></con:settings><con:endpoint>https://api.github.com</con:endpoint><con:request>{ 
    "title": "TestKey",
    "key": "ssh-ed25519 AAA..."
}</con:request><con:originalUri>https://api.github.com/user/keys</con:originalUri><con:assertion type="Valid HTTP Status Codes" id="05cdf65d-1aa1-4333-833f-20b266236f76" name="Valid HTTP Status Codes"><con:settings/><con:configuration><codes>200</codes></con:configuration></con:assertion><con:credentials><con:selectedAuthProfile>Anupam</con:selectedAuthProfile><con:authType>No Authorization</con:authType></con:credentials><con:jmsConfig JMSDeliveryMode="PERSISTENT"/><con:parameters/></con:restRequest></con:config></con:testStep><con:testStep type="restrequest" name="Request 2" id="17205e26-f919-4668-a981-c1ecec4f9ced"><con:settings/><con:config service="https://api.github.com" resourcePath="/user/keys/{keyId}" methodName="KeyId" xsi:type="con:RestRequestStep" xmlns:xsi="http://www.w3.org/2001/XMLSchema-instance"><con:restRequest name="Request 2" id="ab40f0b2-480f-4a4e-b715-cf1ed421ad2c" mediaType="application/json"><con:settings><con:setting id="com.eviware.soapui.impl.wsdl.WsdlRequest@request-headers">&lt;xml-fragment/></con:setting></con:settings><con:endpoint>https://api.github.com</con:endpoint><con:request/><con:originalUri>https://api.github.com/user/keys/keyId</con:originalUri><con:assertion type="Valid HTTP Status Codes" id="332a8a9b-d1ab-466e-8148-dd0c421f70fe" name="Valid HTTP Status Codes"><con:settings/><con:configuration><codes>200</codes></con:configuration></con:assertion><con:credentials><con:selectedAuthProfile>Anupam1</con:selectedAuthProfile><con:authType>No Authorization</con:authType></con:credentials><con:jmsConfig JMSDeliveryMode="PERSISTENT"/><con:parameters><con:entry key="keyId" value="keyId"/></con:parameters><con:parameterOrder><con:entry>keyId</con:entry></con:parameterOrder></con:restRequest></con:config></con:testStep><con:testStep type="restrequest" name="Request 3" id="d9a0764b-6d03-442b-85fb-eaedfb6ee23f"><con:settings/><con:config service="https://api.github.com" resourcePath="/user/keys/{keyId}" methodName="KeyId 2" xsi:type="con:RestRequestStep" xmlns:xsi="http://www.w3.org/2001/XMLSchema-instance"><con:restRequest name="Request 3" id="f035f498-ab2d-49b1-b1ee-263d186a748c" mediaType="application/json" postQueryString="false"><con:settings><con:setting id="com.eviware.soapui.impl.wsdl.WsdlRequest@request-headers">&lt;xml-fragment/></con:setting></con:settings><con:endpoint>https://api.github.com</con:endpoint><con:request/><con:assertion type="Valid HTTP Status Codes" id="16c381f0-d1ec-4d0c-be7c-21810d5a7ef5" name="Valid HTTP Status Codes"><con:settings/><con:configuration><codes>200</codes></con:configuration></con:assertion><con:credentials><con:selectedAuthProfile>Anupam2</con:selectedAuthProfile><con:authType>No Authorization</con:authType></con:credentials><con:jmsConfig JMSDeliveryMode="PERSISTENT"/><con:parameters><con:entry key="keyId" value="keyId"/></con:parameters><con:parameterOrder><con:entry>keyId</con:entry></con:parameterOrder></con:restRequest></con:config></con:testStep><con:properties/><con:reportParameters/></con:testCase><con:properties/><con:reportParameters/></con:testSuite><con:properties/><con:wssContainer/><con:databaseConnectionContainer/><con:jmsConnectionContainer/><con:oAuth2ProfileContainer><con:oAuth2Profile><con:name>Anupam</con:name><con:type>OAuth 2.0</con:type><con:accessToken>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</con:accessToken><con:accessTokenPosition>HEADER</con:accessTokenPosition><con:accessTokenStatus>ENTERED_MANUALLY</con:accessTokenStatus><con:accessTokenStartingStatus>ENTERED_MANUALLY</con:accessTokenStartingStatus><con:manualAccessTokenExpirationTime/><con:manualAccessTokenExpirationTimeUnit>SECONDS</con:manualAccessTokenExpirationTimeUnit><con:oAuth2Flow>AUTHORIZATION_CODE_GRANT</con:oAuth2Flow><con:refreshAccessTokenMethod>AUTOMATIC</con:refreshAccessTokenMethod><con:jwtConfiguration/><con:responseType>id_token</con:responseType></con:oAuth2Profile><con:oAuth2Profile><con:name>Anupam1</con:name><con:type>OAuth 2.0</con:type><con:accessToken>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</con:accessToken><con:accessTokenPosition>HEADER</con:accessTokenPosition><con:accessTokenStatus>ENTERED_MANUALLY</con:accessTokenStatus><con:accessTokenStartingStatus>ENTERED_MANUALLY</con:accessTokenStartingStatus><con:oAuth2Flow>AUTHORIZATION_CODE_GRANT</con:oAuth2Flow><con:refreshAccessTokenMethod>AUTOMATIC</con:refreshAccessTokenMethod><con:jwtConfiguration/><con:responseType>id_token</con:responseType></con:oAuth2Profile><con:oAuth2Profile><con:name>Anupam2</con:name><con:type>OAuth 2.0</con:type><con:accessToken>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</con:accessToken><con:accessTokenPosition>HEADER</con:accessTokenPosition><con:accessTokenStatus>ENTERED_MANUALLY</con:accessTokenStatus><con:accessTokenStartingStatus>ENTERED_MANUALLY</con:accessTokenStartingStatus><con:oAuth2Flow>AUTHORIZATION_CODE_GRANT</con:oAuth2Flow><con:refreshAccessTokenMethod>AUTOMATIC</con:refreshAccessTokenMethod><con:jwtConfiguration/><con:responseType>id_token</con:responseType></con:oAuth2Profile></con:oAuth2ProfileContainer><con:oAuth1ProfileContainer/><con:reporting><con:xmlTemplates/><con:parameters/></con:reporting><con:eventHandlers type="RequestFilter.filterRequest" name="RequestFilter.filterRequest"><con:script>// Sample event script to add custom HTTP header to all outgoing REST, SOAP and HTTP(S) calls
// This code is often used for adding custom authentication to ReadyAPI functional tests

// If hardcoding the token, uncomment and change line 5
// token = '4567'

// If your token is parameterized in Project level custom property, uncomment line 8
// token = request.parent.testCase.testSuite.project.getProperty('auth_token').getValue()

// To modify all outgoing calls, remove comments from lines 11 to 16
// headers = request.requestHeaders
// if (headers.containsKey('auth_token2') == false) {
//   headers.put('auth_token2', token)
//   request.requestHeaders = headers
// }</con:script></con:eventHandlers><con:eventHandlers type="TestRunListener.afterStep" name="TestRunListener.afterStep"><con:script>// Save all test step results into files
// Change the directory path in line 5 to a location where you want to store details
// then uncomment lines 5 to 10

// filePath = 'C:\\tempOutputDirectory\\'
// fos = new java.io.FileOutputStream(filePath + testStepResult.testStep.label + '.txt', true)
// pw = new java.io.PrintWriter(fos)
// testStepResult.writeTo(pw)
// pw.close()
// fos.close()</con:script></con:eventHandlers><con:authRepository><con:oAuth20AuthEntry><con:name>Anupam</con:name><con:type>OAuth 2.0</con:type><con:accessToken>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</con:accessToken><con:accessTokenPosition>HEADER</con:accessTokenPosition><con:accessTokenStatus>ENTERED_MANUALLY</con:accessTokenStatus><con:accessTokenStartingStatus>ENTERED_MANUALLY</con:accessTokenStartingStatus><con:manualAccessTokenExpirationTime/><con:manualAccessTokenExpirationTimeUnit>SECONDS</con:manualAccessTokenExpirationTimeUnit><con:oAuth2Flow>AUTHORIZATION_CODE_GRANT</con:oAuth2Flow><con:refreshAccessTokenMethod>AUTOMATIC</con:refreshAccessTokenMethod><con:jwtConfiguration/><con:responseType>id_token</con:responseType></con:oAuth20AuthEntry><con:oAuth20AuthEntry><con:name>Anupam1</con:name><con:type>OAuth 2.0</con:type><con:accessToken>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</con:accessToken><con:accessTokenPosition>HEADER</con:accessTokenPosition><con:accessTokenStatus>ENTERED_MANUALLY</con:accessTokenStatus><con:accessTokenStartingStatus>ENTERED_MANUALLY</con:accessTokenStartingStatus><con:oAuth2Flow>AUTHORIZATION_CODE_GRANT</con:oAuth2Flow><con:refreshAccessTokenMethod>AUTOMATIC</con:refreshAccessTokenMethod><con:jwtConfiguration/><con:responseType>id_token</con:responseType></con:oAuth20AuthEntry><con:oAuth20AuthEntry><con:name>Anupam2</con:name><con:type>OAuth 2.0</con:type><con:accessToken>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</con:accessToken><con:accessTokenPosition>HEADER</con:accessTokenPosition><con:accessTokenStatus>ENTERED_MANUALLY</con:accessTokenStatus><con:accessTokenStartingStatus>ENTERED_MANUALLY</con:accessTokenStartingStatus><con:oAuth2Flow>AUTHORIZATION_CODE_GRANT</con:oAuth2Flow><con:refreshAccessTokenMethod>AUTOMATIC</con:refreshAccessTokenMethod><con:jwtConfiguration/><con:responseType>id_token</con:responseType></con:oAuth20AuthEntry></con:authRepository><con:tags/></con:soapui-project>